url_path,views_total,views_unique
/nyadla-sys/whisper.tflite,232,106
/nyadla-sys/whisper.tflite/tree/main/models,82,39
/nyadla-sys/whisper.tflite/tree/main/whisper_android,57,35
/nyadla-sys/whisper.tflite/tree/main,43,15
/nyadla-sys/whisper.tflite/tree/main/whisper_android/app,22,12
/nyadla-sys/whisper.tflite/issues,20,9
/nyadla-sys/whisper.tflite/tree/main/whisper_native,18,15
/nyadla-sys/whisper.tflite/tree/main/whisper_android/app/src/main,18,10
/nyadla-sys/whisper.tflite/tree/main/whisper_android/app/src/main/assets,18,8
/nyadla-sys/whisper.tflite/tree/main/whisper_android/app/src/main/java/com/whispertflite,16,9
